{"F":50,"T":33,"VA":233.332890625,"VB":235.025234375,"VC":232.8803125,"IA":
0.8082421875,"IB":3.1051328125,"IC":3.2959375,"IN":2.978,"IN0":2.696,"IAA":
149.8,"IAB":179.4,"IAC":-179,"UAA":-120,"UAB":
120.10000000000001,"UAC":-0,"PA":-113.6796875,"PB":-727.13671875,"PC":-766.1640625,"PT":-1606.984375,"PAF":-113.88671875,"PBF":-727.1875,"PCF":-766.28515625,"PTF":-1607.359375,"PAH":
0.203125,"PBH":0.05078125,"PCH":0.1171875,"PTH":0.375,"QA":57.50390625,"QB":
9.44140625,"QC":-14.86328125,"QT":52.078125,"SA":188.6640625,"SB":
730.08984375,"SC":767.87890625,"ST":
1686.625,"PFA":-0.603,"PFB":-0.996,"PFC":-0.998,"PFT":-0.9520000000000001,"EFAA":
1876584.65625,"EFAB":1458656.21875,"EFAC":621305.09375,"EFAT":
3425443.9375000005,"EFRA":108303.09375,"EFRB":129639.62500000001,"EFRC":
152932.96875,"EFRT":338088,"ERAA":947911.03125,"ERAB":1059574.5625,"ERAC":
1263262.03125,"ERAT":2739645.25,"ERRA":600179.875,"ERRB":
351353.18749999994,"ERRC":435312.5,"ERRT":1334057.65625,"ESA":
3186125.625,"ESB":2764084.5,"ESC":2226865.09375,"EST":8177076.1875,"EVT":
6771737.406250001,"EMT":1607.109375,"THUA":1.32,"THUB":1.35,"THUC":
1.23,"THIA":107.63,"THIB":8.620000000000001,"THIC":6.0200000000000005,"EFAH":
1064.6875,"EFBH":699.375,"EFCH":496.125,"EFTH":1892.2500000000002,"EFAF":
1875966.375,"EFBF":1458667.1249999998,"EFCF":621231.40625,"EFTF":
3424951.6875,"ERAH":341.84375,"ERBH":750,"ERCH":250.375,"ERTH":
974.03125,"ERAF":948107.09375,"ERBF":1059534.8125,"ERCF":1263342.875,"ERTF":
2740071.4374999995,"ERSA":987617.40625,"ERSB":1095809.9375,"ERSC":
1302829.1875,"ERST":3325417.46875,"EFSA":2198508.21875,"EFSB":
1668274.5625,"EFSC":924035.9062500001,"EFST":4851658.71875,"ERT1":
97044.34375,"ERT2":241043.65625,"ERT3":118368.5625,"ERT4":
1215689.09375,"ERA1":32546.312500000004,"ERA2":75756.78125,"ERA3":
24885.1875,"ERA4":575294.6875,"ERB1":47774.18749999999,"ERB2":
81865.4375,"ERB3":11939.249999999998,"ERB4":339413.9375,"ERC1":
44204.625,"ERC2":108728.34375,"ERC3":44282.28125,"ERC4":
391030.21874999994,"VT":233.74614583333334,"VPT":404.86081970428796,"VAB":
405.4064058607157,"VBC":405.4235123526584,"VCA":403.75254089948976,"IADC":
0.00045089721679687496,"IBDC":-0.0001636505126953125,"ICDC":-0.000052642822265624996,"TIME":
25295660486,"SAMPLES":79048949,"STATUS":1911}
